,level_0,index,last_name, first_name,player_id,year,b_k_percent,b_bb_percent,barrel_batted_rate,solidcontact_percent,flareburner_percent,poorlyunder_percent,poorlytopped_percent,poorlyweak_percent,sprint_speed,Unnamed: 13,TEAM,MLBID,POS,delta_ss
0,11,429,Rojas, Josh,668942,2022,18.0,10.5,3.6,5.4,27.8,26.7,31.0,5.1,27.3,,ARI,668942.0,2B,1.0051531676609449
1,6,327,Rivera, Emmanuel,656896,2022,21.3,7.0,10.4,6.5,20.9,21.4,39.3,1.5,26.9,,ARI,656896.0,3B,0.9904256487208576
2,2,179,Marte, Ketel,606466,2022,18.0,10.2,6.0,5.0,29.9,27.4,28.6,2.8,27.2,,ARI,606466.0,DH,1.0014712879259229
3,0,110,Walker, Christian,572233,2022,18.6,11.5,13.4,5.7,19.9,29.1,27.1,4.3,26.7,,ARI,572233.0,1B,0.9830618892508141
4,8,353,Varsho, Daulton,662139,2022,23.6,8.4,9.7,9.4,17.5,25.3,29.9,7.1,27.8,,ARI,662139.0,RF,1.0235625663360537
5,5,322,Luplow, Jordan,656669,2022,26.6,10.3,8.8,5.6,20.8,33.6,24.8,5.6,27.5,,ARI,656669.0,LF,1.0125169271309884
6,15,482,Thomas, Alek,677950,2022,18.6,6.1,4.3,7.4,21.1,16.0,47.7,2.3,29.3,,ARI,677950.0,CF,1.0787907623613804
7,3,189,Kelly, Carson,608348,2022,19.4,7.7,6.3,5.7,21.6,33.5,29.5,3.4,25.7,,ARI,608348.0,C,0.9462430919005963
8,14,466,Perdomo, Geraldo,672695,2022,21.0,10.6,2.3,2.3,25.6,23.3,34.6,10.9,27.1,,ARI,672695.0,SS,0.9977894081909013
