,level_0,index,last_name, first_name,player_id,year,b_k_percent,b_bb_percent,barrel_batted_rate,solidcontact_percent,flareburner_percent,poorlyunder_percent,poorlytopped_percent,poorlyweak_percent,sprint_speed,Unnamed: 13,TEAM,MLBID,POS,delta_ss
0,0,29,Pham, Tommy,502054,2022,26.9,9.6,7.9,8.6,23.8,22.1,34.7,2.3,28.1,,BOS,502054.0,LF,1.034608205541119
1,14,332,Verdugo, Alex,657077,2022,11.2,6.0,5.9,7.8,26.6,23.4,33.9,2.4,26.7,,BOS,657077.0,RF,0.9830618892508141
2,5,134,Bogaerts, Xander,593428,2022,19.7,8.9,6.0,5.4,27.9,23.4,31.9,4.8,28.0,,BOS,593428.0,SS,1.0309263258060972
3,13,299,Devers, Rafael,646240,2022,17.8,6.9,11.9,7.9,23.5,22.1,32.0,2.0,25.7,,BOS,646240.0,3B,0.9462430919005963
4,1,30,Martinez, J.D.,502110,2022,24.5,8.7,12.5,9.6,25.4,22.2,26.7,3.2,26.2,,BOS,502110.0,DH,0.9646524905757052
5,6,149,Story, Trevor,596115,2022,30.7,8.1,11.5,6.3,20.2,33.7,26.4,1.9,28.4,,BOS,596115.0,2B,1.0456538447461843
6,3,98,Hernandez, Enrique,571771,2022,18.8,7.2,6.9,3.0,23.2,37.4,25.1,3.9,27.0,,BOS,571771.0,CF,0.9941075284558795
7,15,418,Dalbec, Bobby,666915,2022,32.6,8.7,11.4,6.7,22.3,29.0,27.5,2.6,28.3,,BOS,666915.0,1B,1.0419719650111625
8,8,195,Plawecki, Kevin,608700,2022,17.7,7.6,0.0,6.9,24.1,27.6,37.9,2.6,24.9,,BOS,608700.0,C,0.9167880540204221
