,level_0,index,last_name, first_name,player_id,year,b_k_percent,b_bb_percent,barrel_batted_rate,solidcontact_percent,flareburner_percent,poorlyunder_percent,poorlytopped_percent,poorlyweak_percent,sprint_speed,Unnamed: 13,TEAM,MLBID,POS,delta_ss
0,5,166,Betts, Mookie,605141,2022,16.4,8.7,10.4,7.7,23.8,29.9,24.1,3.6,27.2,,LAD,605141.0,OF,1.0014712879259229
1,6,184,Turner, Trea,607208,2022,18.1,6.3,8.4,6.0,25.5,22.9,33.7,2.9,30.3,,LAD,607208.0,SS,1.115609559711598
2,1,41,Freeman, Freddie,518692,2022,14.7,10.4,9.7,8.5,30.5,23.0,26.6,1.2,26.9,,LAD,518692.0,1B,0.9904256487208576
3,12,437,Smith, Will,669257,2022,16.2,10.6,10.8,7.4,24.4,32.4,22.2,2.8,27.4,,LAD,669257.0,C,1.0088350473959664
4,2,101,Muncy, Max,571970,2022,25.2,16.6,13.7,10.1,16.5,34.3,22.2,2.8,27.1,,LAD,571970.0,2B,0.9977894081909013
5,0,16,Turner, Justin,457759,2022,16.9,9.3,7.2,5.2,26.8,34.3,24.2,2.0,25.0,,LAD,457759.0,3B,0.920469933755444
6,11,409,Lux, Gavin,666158,2022,18.8,11.0,6.8,6.8,23.8,20.3,38.8,3.6,28.9,,LAD,666158.0,SS,1.064063243421293
7,10,251,Bellinger, Cody,641355,2022,27.0,6.9,8.5,6.1,25.5,35.7,23.1,0.7,28.1,,LAD,641355.0,OF,1.034608205541119
8,7,188,Gallo, Joey,608336,2022,38.6,14.7,17.6,9.5,14.2,33.8,17.6,7.4,27.1,,LAD,608336.0,OF,0.9977894081909013
