,level_0,index,last_name, first_name,player_id,year,b_k_percent,b_bb_percent,barrel_batted_rate,solidcontact_percent,flareburner_percent,poorlyunder_percent,poorlytopped_percent,poorlyweak_percent,sprint_speed,Unnamed: 13,TEAM,MLBID,POS,delta_ss
0,2,44,LeMahieu, DJ,518934,2022,13.2,12.6,5.8,7.5,26.8,15.7,41.2,2.8,26.5,,NYY,518934.0,2B,0.9756981297807706
1,7,124,Judge, Aaron,592450,2022,25.0,13.6,25.5,7.7,18.2,19.7,28.0,0.6,27.3,,NYY,592450.0,OF,1.0051531676609449
2,3,46,Rizzo, Anthony,519203,2022,19.1,11.1,11.1,8.3,21.6,31.7,23.5,3.8,25.6,,NYY,519203.0,1B,0.9425612121655746
3,4,48,Stanton, Giancarlo,519317,2022,27.8,10.9,20.4,5.3,19.4,18.0,35.4,1.0,24.4,,NYY,519317.0,OF,0.8983786553453132
4,1,40,Donaldson, Josh,518626,2022,27.3,10.0,10.3,6.5,24.0,26.0,30.2,2.7,25.6,,NYY,518626.0,3B,0.9425612121655746
5,10,286,Benintendi, Andrew,643217,2022,14.7,10.3,5.1,5.9,30.1,24.5,31.5,2.9,27.5,,NYY,643217.0,OF,1.0125169271309884
6,6,65,Higashioka, Kyle,543309,2022,22.5,5.5,10.0,4.6,23.8,36.2,19.2,6.2,25.9,,NYY,543309.0,C,0.9536068513706398
7,12,307,Torres, Gleyber,650402,2022,22.1,6.1,9.3,9.3,23.5,32.4,22.2,3.4,27.0,,NYY,650402.0,SS,0.9941075284558795
8,11,291,Kiner-Falefa, Isiah,643396,2022,14.3,5.7,0.9,4.2,25.9,19.9,43.7,5.4,28.5,,NYY,643396.0,SS,1.049335724481206
