,level_0,index,last_name, first_name,player_id,year,b_k_percent,b_bb_percent,barrel_batted_rate,solidcontact_percent,flareburner_percent,poorlyunder_percent,poorlytopped_percent,poorlyweak_percent,sprint_speed,Unnamed: 13,TEAM,MLBID,POS,delta_ss
0,9,354,Nootbaar, Lars,663457,2022,20.8,14.7,10.8,4.1,25.7,21.6,33.8,4.1,28.1,,STL,663457.0,OF,1.034608205541119
1,3,94,Arenado, Nolan,571448,2022,12.5,8.5,8.8,8.0,24.4,35.8,20.7,2.1,25.5,,STL,571448.0,3B,0.9388793324305529
2,2,31,Goldschmidt, Paul,502671,2022,20.8,12.2,12.7,10.1,22.3,24.3,26.9,3.5,26.3,,STL,502671.0,1B,0.9683343703107271
3,10,414,Carlson, Dylan,666185,2022,18.4,8.6,4.3,7.4,22.4,28.8,31.8,4.7,28.1,,STL,666185.0,OF,1.034608205541119
4,0,0,Pujols, Albert,405395,2022,16.3,7.8,11.2,6.1,26.3,24.0,29.1,3.4,23.0,,STL,405395.0,1B,0.8468323390550084
5,14,492,Donovan, Brendan,680977,2022,16.2,12.4,2.2,4.3,31.9,19.8,37.1,4.3,27.3,,STL,680977.0,3B,1.0051531676609449
6,6,271,O'Neill, Tyler,641933,2022,26.9,8.8,10.4,5.9,24.8,25.7,29.7,3.0,29.8,,STL,641933.0,OF,1.0972001610364892
7,1,2,Molina, Yadier,425877,2022,16.1,2.0,2.5,5.6,27.2,34.0,27.8,3.1,22.1,,STL,425877.0,C,0.8136954214398125
8,12,435,Edman, Tommy,669242,2022,18.1,7.6,5.8,5.0,26.0,20.4,37.9,4.0,28.7,,STL,669242.0,2B,1.0566994839512496
